year,month,day,EMBI
2010,12,3,543.30
2010,12,6,544.27
2010,12,7,513.03
2010,12,8,520.88
2010,12,9,520.79
2010,12,10,520.61
2010,12,13,520.88
2010,12,14,511.31
2010,12,15,528.99
2010,12,16,529.43
2010,12,17,546.55
2010,12,20,528.05
2010,12,21,523.02
2010,12,22,506.8
2010,12,23,501.48
2010,12,24,
2010,12,27,500.05
2010,12,28,493.05
2010,12,29,499.17
2010,12,30,497.9
2010,12,31,507.04
2011,1,3,493.33
2011,1,4,489.1
2011,1,5,482.67
2011,1,6,485.96
2011,1,7,502.52
2011,1,10,501.72
2011,1,11,487.93
2011,1,12,478.4
2011,1,13,479.01
2011,1,14,485.03
2011,1,17,
2011,1,18,475.34
2011,1,19,495.32
2011,1,20,489.25
2011,1,21,492.81
2011,1,24,485.49
2011,1,25,503.25
2011,1,26,499.42
2011,1,27,508.15
2011,1,28,554.72
2011,1,31,552.49
2011,2,1,524.76
2011,2,2,516.94
2011,2,3,521.92
2011,2,4,517.99
2011,2,7,517.94
2011,2,8,512.82
2011,2,9,529.54
2011,2,10,526.65
2011,2,11,533.66
2011,2,14,544.38
2011,2,15,553.56
2011,2,16,549.12
2011,2,17,537.96
2011,2,18,532.95
2011,2,21,
2011,2,22,558.57
2011,2,23,571.05
2011,2,24,587.55
2011,2,25,573.26
2011,2,28,580.16
2011,3,1,590.31
2011,3,2,571.06
2011,3,3,553.59
2011,3,4,563.29
2011,3,7,558.48
2011,3,8,546.71
2011,3,9,561.16
2011,3,10,575.41
2011,3,11,573.69
2011,3,14,580.49
2011,3,15,596.7
2011,3,16,608.36
2011,3,17,590.42
2011,3,18,590.86
2011,3,21,577.49
2011,3,22,582.1
2011,3,23,562.97
2011,3,24,549.46
2011,3,25,535.24
2011,3,28,538.23
2011,3,29,543.85
2011,3,30,535.06
2011,3,31,539.41
2011,4,1,513.24
2011,4,4,514.61
2011,4,5,518.43
2011,4,6,512.56
2011,4,7,514.08
2011,4,8,506.57
2011,4,11,508.02
2011,4,12,525.13
2011,4,13,524.55
2011,4,14,528.1
2011,4,15,529.44
2011,4,18,540.48
2011,4,19,546.61
2011,4,20,541.12
2011,4,21,542.44
2011,4,22,
2011,4,25,546.85
2011,4,26,563.87
2011,4,27,566.69
2011,4,28,562.65
2011,4,29,554.74
2011,5,2,546.1
2011,5,3,554.75
2011,5,4,563.73
2011,5,5,581.95
2011,5,6,577.26
2011,5,9,587.79
2011,5,10,584.48
2011,5,11,585.58
2011,5,12,567.13
2011,5,13,579.07
2011,5,16,587.96
2011,5,17,594.46
2011,5,18,579.21
2011,5,19,575.94
2011,5,20,576.72
2011,5,23,589.6
2011,5,24,590.95
2011,5,25,587.05
2011,5,26,599.69
2011,5,27,594.83
2011,5,30,
2011,5,31,591.74
2011,6,1,608.52
2011,6,2,596.57
2011,6,3,597.21
2011,6,6,596.66
2011,6,7,592.26
2011,6,8,602.38
2011,6,9,586.88
2011,6,10,590.19
2011,6,13,595.58
2011,6,14,574.48
2011,6,15,596.91
2011,6,16,625.14
2011,6,17,628.46
2011,6,20,622.31
2011,6,21,613.73
2011,6,22,610.53
2011,6,23,628.58
2011,6,24,635.79
2011,6,27,628.29
2011,6,28,606.55
2011,6,29,596.72
2011,6,30,567.88
2011,7,1,556.13
2011,7,4,
2011,7,5,564.81
2011,7,6,572.27
2011,7,7,570.32
2011,7,8,587.53
2011,7,11,607.87
2011,7,12,613.55
2011,7,13,621.16
2011,7,14,628.14
2011,7,15,623.09
2011,7,18,627.94
2011,7,19,620.9
2011,7,20,614.32
2011,7,21,592.57
2011,7,22,591.4
2011,7,25,577.18
2011,7,26,581.9
2011,7,27,577.24
2011,7,28,580.76
2011,7,29,592.07
2011,8,1,593.21
2011,8,2,610.59
2011,8,3,618.75
2011,8,4,648.49
2011,8,5,688.86
2011,8,8,755.85
2011,8,9,740.62
2011,8,10,753.61
2011,8,11,737.19
2011,8,12,715.78
2011,8,15,708.8
2011,8,16,728.17
2011,8,17,728.56
2011,8,18,759.24
2011,8,19,750.04
2011,8,22,755.36
2011,8,23,763.11
2011,8,24,745.8
2011,8,25,749.02
2011,8,26,757.77
2011,8,29,740.78
2011,8,30,748.79
2011,8,31,738.45
2011,9,1,757.39
2011,9,2,781.92
2011,9,5,
2011,9,6,799.06
2011,9,7,789.93
2011,9,8,794.67
2011,9,9,812.1
2011,9,12,824.06
2011,9,13,841.42
2011,9,14,864.4
2011,9,15,849.8
2011,9,16,835.99
2011,9,19,867.53
2011,9,20,876.37
2011,9,21,917.86
2011,9,22,991.01
2011,9,23,982.62
2011,9,26,983.73
2011,9,27,927.99
2011,9,28,976.62
2011,9,29,966.71
2011,9,30,993.08
2011,10,3,"1,017.82"
2011,10,4,"1,016.79"
2011,10,5,"1,012.83"
2011,10,6,975.95
2011,10,7,962.85
2011,10,10,
2011,10,11,935.21
2011,10,12,883.33
2011,10,13,900.2
2011,10,14,861.41
2011,10,17,877.77
2011,10,18,888.44
2011,10,19,886.39
2011,10,20,911.98
2011,10,21,898.59
2011,10,24,888.22
2011,10,25,881.41
2011,10,26,874.25
2011,10,27,788.65
2011,10,28,800.33
2011,10,31,834.95
2011,11,1,850.03
2011,11,2,847.41
2011,11,3,808.72
2011,11,4,818.14
2011,11,7,821.12
2011,11,8,807.49
2011,11,9,847.77
2011,11,10,845.89
2011,11,11,
2011,11,14,849.12
2011,11,15,854.93
2011,11,16,872
2011,11,17,897.88
2011,11,18,911.96
2011,11,21,954.71
2011,11,22,969.87
2011,11,23,"1,003.35"
2011,11,24,
2011,11,25,
2011,11,28,981.92
2011,11,29,974.09
2011,11,30,941.07
2011,12,1,934.03
2011,12,2,931.85
2011,12,5,928.52
2011,12,6,900.39
2011,12,7,904.54
2011,12,8,914.1
2011,12,9,894.74
2011,12,12,908.71
2011,12,13,919.32
2011,12,14,938.47
2011,12,15,949.06
2011,12,16,959.76
2011,12,19,960.94
2011,12,20,944.4
2011,12,21,942.89
2011,12,22,926.9
2011,12,23,918.19
2011,12,26,
2011,12,27,914.52
2011,12,28,921.83
2011,12,29,924.59
2011,12,30,925.19
2012,1,2,
2012,1,3,899.88
2012,1,4,880.66
2012,1,5,872.57
2012,1,6,883.52
2012,1,9,870.42
2012,1,10,869.3
2012,1,11,888.11
2012,1,12,891.24
2012,1,13,893.88
2012,1,16,
2012,1,17,888.12
2012,1,18,859.49
2012,1,19,837.22
2012,1,20,820.99
2012,1,23,796.45
2012,1,24,806.14
2012,1,25,788.52
2012,1,26,797.82
2012,1,27,809.54
2012,1,30,824.6
2012,1,31,839.73
2012,2,1,823.68
2012,2,2,827.88
2012,2,3,807.81
2012,2,6,813.25
2012,2,7,809.88
2012,2,8,819.77
2012,2,9,844.48
2012,2,10,857.76
2012,2,13,835.24
2012,2,14,843.81
2012,2,15,844.17
2012,2,16,828.65
2012,2,17,808.42
2012,2,20,
2012,2,21,799.62
2012,2,22,796.91
2012,2,23,798.3
2012,2,24,800.03
2012,2,27,817
2012,2,28,828.58
2012,2,29,843.42
2012,3,1,817.66
2012,3,2,811.01
2012,3,5,819.57
2012,3,6,835.46
2012,3,7,834.05
2012,3,8,816.27
2012,3,9,821.91
2012,3,12,826.65
2012,3,13,806.86
2012,3,14,795.11
2012,3,15,788.3
2012,3,16,791.97
2012,3,19,784.04
2012,3,20,792.52
2012,3,21,798.74
2012,3,22,813.99
2012,3,23,821.52
2012,3,26,828.57
2012,3,27,845.69
2012,3,28,879.99
2012,3,29,898.52
2012,3,30,880.14
2012,4,2,901.67
2012,4,3,900.15
2012,4,4,934.47
2012,4,5,938.3
2012,4,6,
2012,4,9,946.5
2012,4,10,960.48
2012,4,11,946.19
2012,4,12,931.19
2012,4,13,945.57
2012,4,16,975.77
2012,4,17,992.48
2012,4,18,"1,047.79"
2012,4,19,"1,019.03"
2012,4,20,993.58
2012,4,23,"1,010.31"
2012,4,24,"1,003.39"
2012,4,25,980.92
2012,4,26,983.07
2012,4,27,973.11
2012,4,30,962.13
2012,5,1,953.46
2012,5,2,966.64
2012,5,3,973.05
2012,5,4,998.2
2012,5,7,993.81
2012,5,8,"1,004.79"
2012,5,9,"1,019.60"
2012,5,10,"1,013.80"
2012,5,11,"1,042.06"
2012,5,14,"1,076.86"
2012,5,15,"1,102.52"
2012,5,16,"1,133.60"
2012,5,17,"1,132.26"
2012,5,18,"1,133.59"
2012,5,21,"1,123.32"
2012,5,22,"1,120.59"
2012,5,23,"1,152.07"
2012,5,24,"1,184.42"
2012,5,25,"1,174.55"
2012,5,28,
2012,5,29,"1,185.32"
2012,5,30,"1,244.42"
2012,5,31,"1,236.23"
2012,6,1,"1,249.45"
2012,6,4,"1,210.74"
2012,6,5,"1,164.68"
2012,6,6,"1,117.12"
2012,6,7,"1,169.89"
2012,6,8,"1,167.37"
2012,6,11,"1,199.43"
2012,6,12,"1,131.08"
2012,6,13,"1,111.38"
2012,6,14,"1,087.81"
2012,6,15,"1,077.35"
2012,6,18,"1,093.75"
2012,6,19,"1,078.77"
2012,6,20,"1,077.65"
2012,6,21,"1,111.42"
2012,6,22,"1,103.18"
2012,6,25,"1,128.18"
2012,6,26,"1,111.78"
2012,6,27,"1,103.01"
2012,6,28,"1,119.75"
2012,6,29,"1,088.10"
2012,7,2,"1,071.41"
2012,7,3,"1,043.90"
2012,7,4,
2012,7,5,"1,053.17"
2012,7,6,"1,080.30"
2012,7,9,"1,089.74"
2012,7,10,"1,107.70"
2012,7,11,"1,097.78"
2012,7,12,"1,096.53"
2012,7,13,"1,074.84"
2012,7,16,"1,078.59"
2012,7,17,"1,066.43"
2012,7,18,"1,083.59"
2012,7,19,"1,087.62"
2012,7,20,"1,114.31"
2012,7,23,"1,128.04"
2012,7,24,"1,147.22"
2012,7,25,"1,135.67"
2012,7,26,"1,116.01"
2012,7,27,"1,081.96"
2012,7,30,"1,085.10"
2012,7,31,"1,086.94"
2012,8,1,"1,074.58"
2012,8,2,"1,083.22"
2012,8,3,"1,049.67"
2012,8,6,"1,051.10"
2012,8,7,"1,039.89"
2012,8,8,"1,030.70"
2012,8,9,"1,047.80"
2012,8,10,"1,058.56"
2012,8,13,"1,051.05"
2012,8,14,"1,039.76"
2012,8,15,"1,031.50"
2012,8,16,"1,010.06"
2012,8,17,"1,012.62"
2012,8,20,"1,024.74"
2012,8,21,"1,014.01"
2012,8,22,"1,022.84"
2012,8,23,"1,027.12"
2012,8,24,"1,023.08"
2012,8,27,"1,027.27"
2012,8,28,"1,024.16"
2012,8,29,"1,037.66"
2012,8,30,"1,063.63"
2012,8,31,"1,051.37"
2012,9,3,
2012,9,4,"1,038.25"
2012,9,5,"1,019.35"
2012,9,6,991.22
2012,9,7,976.67
2012,9,10,970.92
2012,9,11,951.76
2012,9,12,944.5
2012,9,13,915.92
2012,9,14,870.64
2012,9,17,846.7
2012,9,18,880.66
2012,9,19,866.94
2012,9,20,865.7
2012,9,21,851.22
2012,9,24,858.56
2012,9,25,890.3
2012,9,26,907.15
2012,9,27,892.39
2012,9,28,897.1
2012,10,1,880.35
2012,10,2,881.86
2012,10,3,879.41
2012,10,4,855.59
2012,10,5,842.31
2012,10,8,
2012,10,9,887.58
2012,10,10,907.89
2012,10,11,890.58
2012,10,12,870.5
2012,10,15,850.51
2012,10,16,851.34
2012,10,17,844.94
2012,10,18,845.47
2012,10,19,865.85
2012,10,22,861.53
2012,10,23,859.74
2012,10,24,857.74
2012,10,25,851.41
2012,10,26,987.03
2012,10,29,"1,023.92"
2012,10,30,
2012,10,31,"1,065.86"
2012,11,1,"1,127.32"
2012,11,2,"1,157.54"
2012,11,5,"1,115.49"
2012,11,6,"1,092.38"
2012,11,7,"1,148.95"
2012,11,8,"1,164.70"
2012,11,9,"1,208.78"
2012,11,12,
2012,11,13,"1,222.18"
2012,11,14,"1,232.75"
2012,11,15,"1,275.02"
2012,11,16,"1,264.01"
2012,11,19,"1,171.01"
2012,11,20,"1,158.98"
2012,11,21,"1,146.52"
2012,11,22,
2012,11,23,
2012,11,26,"1,348.05"
2012,11,27,"1,314.65"
2012,11,28,"1,339.89"
2012,11,29,"1,167.79"
2012,11,30,"1,140.13"
2012,12,3,"1,143.51"
2012,12,4,"1,107.35"
2012,12,5,"1,076.29"
2012,12,6,"1,079.42"
2012,12,7,"1,065.90"
2012,12,10,"1,047.03"
2012,12,11,"1,041.03"
2012,12,12,"1,036.27"
2012,12,13,"1,036.58"
2012,12,14,"1,024.23"
2012,12,17,"1,023.36"
2012,12,18,"1,005.62"
2012,12,19,999.63
2012,12,20,997.29
2012,12,21,"1,013.70"
2012,12,24,"1,012.15"
2012,12,25,
2012,12,26,"1,013.41"
2012,12,27,"1,013.52"
2012,12,28,"1,002.13"
2012,12,31,990.63
2013,1,1,
2013,1,2,949.16
2013,1,3,935.43
2013,1,4,943.17
2013,1,7,966.2
2013,1,8,"1,019.98"
2013,1,9,"1,036.67"
2013,1,10,"1,080.42"
2013,1,11,"1,093.93"
2013,1,14,"1,087.46"
2013,1,15,"1,087.89"
2013,1,16,"1,077.27"
2013,1,17,"1,062.50"
2013,1,18,"1,070.06"
2013,1,21,
2013,1,22,"1,069.81"
2013,1,23,"1,100.38"
2013,1,24,"1,106.47"
2013,1,25,"1,113.35"
2013,1,28,"1,109.86"
2013,1,29,"1,101.43"
2013,1,30,"1,100.66"
2013,1,31,"1,101.70"
2013,2,1,"1,081.84"
2013,2,4,"1,092.12"
2013,2,5,"1,088.85"
2013,2,6,"1,124.45"
2013,2,7,"1,101.51"
2013,2,8,"1,077.04"
2013,2,11,"1,088.56"
2013,2,12,"1,110.84"
2013,2,13,"1,097.69"
2013,2,14,"1,093.46"
2013,2,15,"1,097.95"
2013,2,18,
2013,2,19,"1,099.70"
2013,2,20,"1,104.28"
2013,2,21,"1,131.63"
2013,2,22,"1,130.70"
2013,2,25,"1,137.25"
2013,2,26,"1,114.61"
2013,2,27,"1,113.91"
2013,2,28,"1,286.81"
2013,3,1,"1,217.71"
2013,3,4,"1,208.30"
2013,3,5,"1,197.71"
2013,3,6,"1,177.37"
2013,3,7,"1,171.06"
2013,3,8,"1,159.59"
2013,3,11,"1,157.27"
2013,3,12,"1,135.77"
2013,3,13,"1,149.21"
2013,3,14,"1,156.60"
2013,3,15,"1,182.97"
2013,3,18,"1,180.00"
2013,3,19,"1,205.00"
2013,3,20,"1,202.47"
2013,3,21,"1,216.76"
2013,3,22,"1,219.15"
2013,3,25,"1,260.82"
2013,3,26,"1,292.76"
2013,3,27,"1,337.25"
2013,3,28,"1,307.33"
2013,3,29,
2013,4,1,"1,320.93"
2013,4,2,"1,306.17"
2013,4,3,"1,261.94"
2013,4,4,"1,254.18"
2013,4,5,"1,271.36"
2013,4,8,"1,256.74"
2013,4,9,"1,232.81"
2013,4,10,"1,218.90"
2013,4,11,"1,205.17"
2013,4,12,"1,167.26"
2013,4,15,"1,159.11"
2013,4,16,"1,165.27"
2013,4,17,"1,186.36"
2013,4,18,"1,204.18"
2013,4,19,"1,209.36"
2013,4,22,"1,215.71"
2013,4,23,"1,212.37"
2013,4,24,"1,212.17"
2013,4,25,"1,210.27"
2013,4,26,"1,214.51"
2013,4,29,"1,212.31"
2013,4,30,"1,210.23"
2013,5,1,"1,214.62"
2013,5,2,"1,204.99"
2013,5,3,"1,203.50"
2013,5,6,"1,205.45"
2013,5,7,"1,208.42"
2013,5,8,"1,202.62"
2013,5,9,"1,194.48"
2013,5,10,"1,192.68"
2013,5,13,"1,190.98"
2013,5,14,"1,177.49"
2013,5,15,"1,186.44"
2013,5,16,"1,183.86"
2013,5,17,"1,157.20"
2013,5,20,"1,148.37"
2013,5,21,"1,149.15"
2013,5,22,"1,126.78"
2013,5,23,"1,141.24"
2013,5,24,"1,143.71"
2013,5,27,
2013,5,28,"1,127.91"
2013,5,29,"1,147.55"
2013,5,30,"1,157.75"
2013,5,31,"1,167.34"
2013,6,3,"1,169.37"
2013,6,4,"1,182.54"
2013,6,5,"1,194.87"
2013,6,6,"1,203.51"
2013,6,7,"1,187.11"
2013,6,10,"1,188.35"
2013,6,11,"1,198.34"
2013,6,12,"1,199.33"
2013,6,13,"1,191.51"
2013,6,14,"1,197.17"
2013,6,17,"1,197.87"
2013,6,18,"1,221.09"
2013,6,19,"1,213.00"
2013,6,20,"1,227.43"
2013,6,21,"1,223.06"
2013,6,24,"1,228.57"
2013,6,25,"1,221.01"
2013,6,26,"1,218.84"
2013,6,27,"1,214.68"
2013,6,28,"1,198.72"
2013,7,1,"1,189.16"
2013,7,2,"1,199.45"
2013,7,3,"1,204.35"
2013,7,4,
2013,7,5,"1,188.18"
2013,7,8,"1,194.31"
2013,7,9,"1,194.08"
2013,7,10,"1,205.19"
2013,7,11,"1,193.70"
2013,7,12,"1,188.06"
2013,7,15,"1,163.99"
2013,7,16,"1,142.26"
2013,7,17,"1,139.33"
2013,7,18,"1,051.63"
2013,7,19,"1,075.29"
2013,7,22,"1,040.16"
2013,7,23,"1,025.37"
2013,7,24,"1,062.87"
2013,7,25,"1,092.09"
2013,7,26,"1,106.55"
2013,7,29,"1,138.94"
2013,7,30,"1,130.44"
2013,7,31,"1,111.54"
2013,8,1,"1,094.69"
2013,8,2,"1,101.01"
2013,8,5,"1,094.13"
2013,8,6,"1,068.88"
2013,8,7,"1,067.42"
2013,8,8,"1,051.62"
2013,8,9,"1,036.27"
2013,8,12,"1,032.47"
2013,8,13,"1,020.35"
2013,8,14,"1,017.52"
2013,8,15,"1,019.45"
2013,8,16,"1,016.51"
2013,8,19,"1,033.51"
2013,8,20,"1,039.49"
2013,8,21,"1,043.10"
2013,8,22,"1,023.00"
2013,8,23,"1,072.30"
2013,8,26,"1,075.08"
2013,8,27,"1,119.70"
2013,8,28,"1,126.76"
2013,8,29,"1,162.62"
2013,8,30,"1,169.98"
2013,9,2,
2013,9,3,"1,127.94"
2013,9,4,"1,100.77"
2013,9,5,"1,085.44"
2013,9,6,"1,075.37"
2013,9,9,"1,061.72"
2013,9,10,"1,072.97"
2013,9,11,"1,072.95"
2013,9,12,"1,109.87"
2013,9,13,"1,114.45"
2013,9,16,"1,089.01"
2013,9,17,"1,091.50"
2013,9,18,"1,062.56"
2013,9,19,"1,043.84"
2013,9,20,"1,037.21"
2013,9,23,"1,030.31"
2013,9,24,"1,012.68"
2013,9,25,"1,006.59"
2013,9,26,"1,017.20"
2013,9,27,"1,024.04"
2013,9,30,"1,034.51"
2013,10,1,"1,038.97"
2013,10,2,"1,029.39"
2013,10,3,"1,018.78"
2013,10,4,"1,005.24"
2013,10,7,997.46
2013,10,8,978.81
2013,10,9,970.78
2013,10,10,918.77
2013,10,11,904.2
2013,10,14,
2013,10,15,886.64
2013,10,16,908.14
2013,10,17,904.37
2013,10,18,851.24
2013,10,21,841.84
2013,10,22,859.45
2013,10,23,872.8
2013,10,24,895.9
2013,10,25,890.89
2013,10,28,880.96
2013,10,29,909.41
2013,10,30,921.48
2013,10,31,920.68
2013,11,1,891.54
2013,11,4,875.1
2013,11,5,840.96
2013,11,6,840.63
2013,11,7,837.61
2013,11,8,825.04
2013,11,11,
2013,11,12,830.91
2013,11,13,839.42
2013,11,14,829.13
2013,11,15,813.26
2013,11,18,807.21
2013,11,19,828.74
2013,11,20,806.23
2013,11,21,790.85
2013,11,22,790.13
2013,11,25,802.72
2013,11,26,789.29
2013,11,27,775.91
2013,11,28,
2013,11,29,
2013,12,2,777.2
2013,12,3,795.3
2013,12,4,804.82
2013,12,5,798.19
2013,12,6,779.94
2013,12,9,774.52
2013,12,10,781.91
2013,12,11,783.48
2013,12,12,791.2
2013,12,13,803.7
2013,12,16,805.97
2013,12,17,823.91
2013,12,18,824.4
2013,12,19,821.65
2013,12,20,825.73
2013,12,23,822.73
2013,12,24,816.88
2013,12,25,
2013,12,26,816
2013,12,27,809.14
2013,12,30,811.69
2013,12,31,807.94
2014,1,1,
2014,1,2,800.5
2014,1,3,793.08
2014,1,6,796.24
2014,1,7,836.07
2014,1,8,839.56
2014,1,9,866.93
2014,1,10,913.69
2014,1,13,936.51
2014,1,14,911.34
2014,1,15,901.14
2014,1,16,926.32
2014,1,17,941.42
2014,1,20,
2014,1,21,919.96
2014,1,22,951.67
2014,1,23,996.29
2014,1,24,"1,043.37"
2014,1,27,"1,017.87"
2014,1,28,982.93
2014,1,29,"1,036.96"
2014,1,30,"1,067.22"
2014,1,31,"1,084.94"
2014,2,3,"1,103.31"
2014,2,4,"1,055.87"
2014,2,5,"1,017.65"
2014,2,6,983.87
2014,2,7,961.1
2014,2,10,983.92
2014,2,11,971.78
2014,2,12,974.07
2014,2,13,970.2
2014,2,14,950.53
2014,2,17,
2014,2,18,972.18
2014,2,19,985.6
2014,2,20,961.46
2014,2,21,951.2
2014,2,24,928.37
2014,2,25,924.27
2014,2,26,927.27
2014,2,27,916.77
2014,2,28,907.35
2014,3,3,925.94
2014,3,4,917.24
2014,3,5,928.89
2014,3,6,905.29
2014,3,7,898.7
2014,3,10,899.92
2014,3,11,903.43
2014,3,12,904.03
2014,3,13,925.55
2014,3,14,913.53
2014,3,17,883.46
2014,3,18,882.58
2014,3,19,873.47
2014,3,20,860.62
2014,3,21,848.76
2014,3,24,850.04
2014,3,25,846.25
2014,3,26,850.87
2014,3,27,837.32
2014,3,28,823.65
2014,3,31,798.59
2014,4,1,802.04
2014,4,2,793.52
2014,4,3,781.82
2014,4,4,753.59
2014,4,7,775.1
2014,4,8,791.16
2014,4,9,768.77
2014,4,10,769.37
2014,4,11,778.68
2014,4,14,783.71
2014,4,15,804.16
2014,4,16,805.21
2014,4,17,795.57
2014,4,18,
2014,4,21,795.53
2014,4,22,779.83
2014,4,23,792.07
2014,4,24,788.84
2014,4,25,808.9
2014,4,28,794.7
2014,4,29,790.01
2014,4,30,786.07
2014,5,1,778.11
2014,5,2,786.62
2014,5,5,780.51
2014,5,6,781.18
2014,5,7,752.22
2014,5,8,759.14
2014,5,9,770.85
2014,5,12,763.09
2014,5,13,773.97
2014,5,14,773.31
2014,5,15,788.37
2014,5,16,794.61
2014,5,19,800.68
2014,5,20,813.3
2014,5,21,814.79
2014,5,22,833.73
2014,5,23,832.22
2014,5,26,
2014,5,27,845.93
2014,5,28,850.19
2014,5,29,831.59
2014,5,30,833.07
2014,6,2,839.28
2014,6,3,832.75
2014,6,4,818.88
2014,6,5,795.9
2014,6,6,766.36
2014,6,9,769.47
2014,6,10,766.84
2014,6,11,753.55
2014,6,12,760.61
2014,6,13,737.15
2014,6,16,850.28
2014,6,17,872.81
2014,6,18,797.02
2014,6,19,817.24
2014,6,20,708.58
2014,6,23,669.12
2014,6,24,676.11
2014,6,25,667.15
2014,6,26,692.2
2014,6,27,708.06
2014,6,30,723.74
2014,7,1,697.22
2014,7,2,685.78
2014,7,3,673.46
2014,7,4,
2014,7,7,680.22
2014,7,8,668.15
2014,7,9,591.45
2014,7,10,592.77
2014,7,11,595.64
2014,7,14,630.61
2014,7,15,649.19
2014,7,16,643.99
2014,7,17,668.72
2014,7,18,646.01
2014,7,21,670.77
2014,7,22,666.56
2014,7,23,655.58
2014,7,24,629.54
2014,7,25,686.57
2014,7,28,706.59
2014,7,29,680.08
2014,7,30,559.69
2014,7,31,648.53
2014,8,1,701.07
2014,8,4,729.6
2014,8,5,723.55
2014,8,6,682.19
2014,8,7,696.39
2014,8,8,698.38
2014,8,11,693.68
2014,8,12,719.9
2014,8,13,743.87
2014,8,14,773.94
2014,8,15,801.01
2014,8,18,782.94
2014,8,19,763.92
2014,8,20,790.1
2014,8,21,813.18
2014,8,22,821.17
2014,8,25,820.05
2014,8,26,803.44
2014,8,27,806.04
2014,8,28,803.99
2014,8,29,807.65
2014,9,1,
2014,9,2,782.57
2014,9,3,748.94
2014,9,4,749.67
2014,9,5,753.23
2014,9,8,762.68
2014,9,9,752.95
2014,9,10,756.65
2014,9,11,731.37
2014,9,12,706.06
2014,9,15,710.97
2014,9,16,690.45
2014,9,17,698.42
2014,9,18,699.85
2014,9,19,698.82
2014,9,22,702.02
2014,9,23,700.31
2014,9,24,685.29
2014,9,25,686.28
2014,9,26,684.41
2014,9,29,693.08
2014,9,30,699.54
2014,10,1,753.29
2014,10,2,735.16
2014,10,3,737.82
2014,10,6,750.42
2014,10,7,767.58
2014,10,8,751.29
2014,10,9,754.49
2014,10,10,771.31
2014,10,13,
2014,10,14,797.93
2014,10,15,843.99
2014,10,16,832.6
2014,10,17,798.71
2014,10,20,791.56
2014,10,21,778.9
2014,10,22,761.81
2014,10,23,746.88
2014,10,24,745.26
2014,10,27,736.3
2014,10,28,721.85
2014,10,29,712.3
2014,10,30,712.85
2014,10,31,703.01
2014,11,3,682.04
2014,11,4,685.68
2014,11,5,673.8
2014,11,6,671.97
2014,11,7,662.74
2014,11,10,663.76
2014,11,11,
2014,11,12,658.23
2014,11,13,659.79
2014,11,14,663.96
2014,11,17,666.74
2014,11,18,671.04
2014,11,19,677.55
2014,11,20,683.1
2014,11,21,680.68
2014,11,24,680.34
2014,11,25,679.88
2014,11,26,687.06
2014,11,27,
2014,11,28,
2014,12,1,697.62
2014,12,2,688.28
2014,12,3,699.7
2014,12,4,699.38
2014,12,5,706.81
2014,12,8,725.97
2014,12,9,743.42
2014,12,10,760.49
2014,12,11,751.31
2014,12,12,780.11
2014,12,15,803.59
2014,12,16,822.83
2014,12,17,799.8
2014,12,18,770.99
2014,12,19,769.89
2014,12,22,768.31
2014,12,23,758.92
2014,12,24,756.85
2014,12,25,
2014,12,26,727.87
2014,12,29,729.11
2014,12,30,716.91
2014,12,31,719.1
2015,1,1,
2015,1,2,725.78
2015,1,5,750.3
2015,1,6,766.48
2015,1,7,748.69
2015,1,8,734.25
2015,1,9,726.16
2015,1,12,736.25
2015,1,13,728.58
2015,1,14,729.92
2015,1,15,741.14
2015,1,16,731.15
2015,1,19,
2015,1,20,719.81
2015,1,21,720.5
2015,1,22,710.07
2015,1,23,725.63
2015,1,26,726.41
2015,1,27,723.57
2015,1,28,730.22
2015,1,29,727.7
2015,1,30,741.66
2015,2,2,739.11
2015,2,3,726.92
2015,2,4,727.61
2015,2,5,717.72
2015,2,6,709.44
2015,2,9,711.62
2015,2,10,711.95
2015,2,11,714.87
2015,2,12,719.53
2015,2,13,702.04
2015,2,16,
2015,2,17,685.52
2015,2,18,678.74
2015,2,19,667.6
2015,2,20,649.54
2015,2,23,625.61
2015,2,24,632.97
2015,2,25,635.38
2015,2,26,623.93
2015,2,27,618.39
2015,3,2,604.3
2015,3,3,597.36
2015,3,4,586.37
2015,3,5,581.44
2015,3,6,566.25
2015,3,9,560.93
2015,3,10,568.15
2015,3,11,580.72
2015,3,12,580.32
2015,3,13,583.61
2015,3,16,581.3
2015,3,17,586.08
2015,3,18,597.89
2015,3,19,597.84
2015,3,20,603.58
2015,3,23,601.77
2015,3,24,608.47
2015,3,25,607.56
2015,3,26,594.62
2015,3,27,612.31
2015,3,30,620.28
2015,3,31,628.62
2015,4,1,627.7
2015,4,2,618.05
2015,4,3,625.17
2015,4,6,610.39
2015,4,7,609.07
2015,4,8,588.14
2015,4,9,574.17
2015,4,10,568.22
2015,4,13,574.16
2015,4,14,583.42
2015,4,15,589.63
2015,4,16,602.06
2015,4,17,619.16
2015,4,20,617.13
2015,4,21,619.63
2015,4,22,617.27
2015,4,23,619.3
2015,4,24,616.27
2015,4,27,607.87
2015,4,28,602.7
2015,4,29,604.78
2015,4,30,603.31
2015,5,1,595.78
2015,5,4,592.61
2015,5,5,580.6
2015,5,6,581.22
2015,5,7,600.57
2015,5,8,609.96
2015,5,11,605.54
2015,5,12,615.68
2015,5,13,605.99
2015,5,14,615.34
2015,5,15,625.35
2015,5,18,599.35
2015,5,19,590.33
2015,5,20,578.86
2015,5,21,577.75
2015,5,22,576.47
2015,5,25,
2015,5,26,588.03
2015,5,27,589.41
2015,5,28,594.18
2015,5,29,601.34
2015,6,1,596.44
2015,6,2,575.72
2015,6,3,557.45
2015,6,4,566.49
2015,6,5,555.04
2015,6,8,559.24
2015,6,9,566.43
2015,6,10,567.14
2015,6,11,572.28
2015,6,12,572.95
2015,6,15,580.1
2015,6,16,587.52
2015,6,17,621.06
2015,6,18,629.37
2015,6,19,652.4
2015,6,22,626.84
2015,6,23,613.98
2015,6,24,621.3
2015,6,25,595.42
2015,6,26,589.32
2015,6,29,617.31
2015,6,30,631.44
2015,7,1,624.06
2015,7,2,619.45
2015,7,3,
2015,7,6,624.86
2015,7,7,625.09
2015,7,8,635.49
2015,7,9,618.36
2015,7,10,595.45
2015,7,13,597.2
2015,7,14,590.8
2015,7,15,576.71
2015,7,16,581.02
2015,7,17,584.73
2015,7,20,581.65
2015,7,21,585.44
2015,7,22,588.87
2015,7,23,591.22
2015,7,24,597.28
2015,7,27,612.27
2015,7,28,610.45
2015,7,29,606.08
2015,7,30,609.25
2015,7,31,614.65
2015,8,3,626.97
2015,8,4,607.82
2015,8,5,583.5
2015,8,6,585.74
2015,8,7,591.75
2015,8,10,572.35
2015,8,11,589.89
2015,8,12,581.11
2015,8,13,579.67
2015,8,14,573.86
2015,8,17,571.45
2015,8,18,565.15
2015,8,19,571.65
2015,8,20,580.25
2015,8,21,593.1
2015,8,24,621.38
2015,8,25,608.13
2015,8,26,611.81
2015,8,27,599.26
2015,8,28,590.71
2015,8,31,584.29
2015,9,1,590.32
2015,9,2,578.53
2015,9,3,566.75
2015,9,4,561.22
2015,9,7,
2015,9,8,541.99
2015,9,9,537.69
2015,9,10,527.18
2015,9,11,531.37
2015,9,14,539.74
2015,9,15,528.52
2015,9,16,536.9
2015,9,17,542.46
2015,9,18,552.81
2015,9,21,546.21
2015,9,22,567.93
2015,9,23,579.79
2015,9,24,594.65
2015,9,25,575.17
2015,9,28,598.47
2015,9,29,601.12
2015,9,30,590.87
2015,10,1,588.84
2015,10,2,596.17
2015,10,5,583.7
2015,10,6,583.78
2015,10,7,579.31
2015,10,8,577.21
2015,10,9,572.01
2015,10,12,
2015,10,13,583.79
2015,10,14,588.05
2015,10,15,576.21
2015,10,16,558.5
2015,10,19,554.42
2015,10,20,555.36
2015,10,21,557.15
2015,10,22,552.86
2015,10,23,542.36
2015,10,26,519.29
2015,10,27,520.47
2015,10,28,495.45
2015,10,29,485.4
2015,10,30,488.81
2015,11,2,490.33
2015,11,3,484.21
2015,11,4,497.85
2015,11,5,503.82
2015,11,6,499.12
2015,11,9,495.3
2015,11,10,482.03
2015,11,11,
2015,11,12,486.43
2015,11,13,495.71
2015,11,16,484.86
2015,11,17,480.57
2015,11,18,471.18
2015,11,19,474.69
2015,11,20,470.48
2015,11,23,465.99
2015,11,24,484.62
2015,11,25,490.19
2015,11,26,
2015,11,27,491.48
2015,11,30,487.43
2015,12,1,496.27
2015,12,2,499.17
2015,12,3,494.21
2015,12,4,499.85
2015,12,7,499.96
2015,12,8,497.8
2015,12,9,494.91
2015,12,10,479.93
2015,12,11,489.79
2015,12,14,500.1
2015,12,15,486.74
2015,12,16,482.15
2015,12,17,475.07
2015,12,18,484.94
2015,12,21,477.76
2015,12,22,474.52
2015,12,23,465.24
2015,12,24,467.66
2015,12,25,
2015,12,28,443.84
2015,12,29,435.08
2015,12,30,434.69
2015,12,31,438.06
2016,1,1,
2016,1,4,447.22
2016,1,5,436.65
2016,1,6,447.5
2016,1,7,453.04
2016,1,8,455.19
2016,1,11,455.06
2016,1,12,463.03
2016,1,13,480.58
2016,1,14,482.69
2016,1,15,498.17
2016,1,18,
2016,1,19,500.97
2016,1,20,524.38
2016,1,21,525.48
2016,1,22,514.6
2016,1,25,515.01
2016,1,26,513.33
2016,1,27,510.11
2016,1,28,507.01
2016,1,29,501.7
2016,2,1,487.62
2016,2,2,487.12
2016,2,3,474.08
2016,2,4,472.24
2016,2,5,470.68
2016,2,8,473.82
2016,2,9,482.07
2016,2,10,486.64
2016,2,11,502.45
2016,2,12,476.77
2016,2,15,
2016,2,16,467.57
2016,2,17,458.27
2016,2,18,460.98
2016,2,19,463.28
2016,2,22,452.76
2016,2,23,455.58
2016,2,24,458.8
2016,2,25,460.94
2016,2,26,461.15
2016,2,29,464.77
2016,3,1,454.19
2016,3,2,455.43
2016,3,3,484.28
2016,3,4,458.75
2016,3,7,456.73
2016,3,8,464.22
2016,3,9,456.65
2016,3,10,454.77
2016,3,11,436.61
2016,3,14,437.15
2016,3,15,446.67
2016,3,16,448.31
2016,3,17,440.27
2016,3,18,443.62
2016,3,21,437.18
2016,3,22,436.81
2016,3,23,447.85
2016,3,24,458.65
2016,3,25,
2016,3,28,449.8
2016,3,29,450.75
2016,3,30,438.11
2016,3,31,443.65
2016,4,1,443.2
2016,4,4,442.28
2016,4,5,448.73
2016,4,6,442.03
2016,4,7,452.53
2016,4,8,449.53
2016,4,11,442.92
2016,4,12,431.55
2016,4,13,418.65
2016,4,14,412.71
2016,4,15,416.3
2016,4,18,403.2
2016,4,19,388.4
2016,4,20,380.39
2016,4,21,379.01
2016,4,22,381.81
2016,4,25,391.08
2016,4,26,383.35
2016,4,27,525.81
2016,4,28,540.64
2016,4,29,544.12
2016,5,2,538.37
2016,5,3,550.41
2016,5,4,557.51
2016,5,5,568.57
2016,5,6,559.47
2016,5,9,564.57
2016,5,10,566.08
2016,5,11,566.93
2016,5,12,564.15
2016,5,13,556.64
2016,5,16,544.28
2016,5,17,542.28
2016,5,18,535.14
2016,5,19,548.28
2016,5,20,544.9
2016,5,23,542.58
2016,5,24,537.59
2016,5,25,529.08
2016,5,26,526.3
2016,5,27,520.42
2016,5,30,
2016,5,31,499.98
2016,6,1,487.85
2016,6,2,500.8
2016,6,3,502.47
2016,6,6,490.51
2016,6,7,488.6
2016,6,8,500.48
2016,6,9,504.25
2016,6,10,513.16
2016,6,13,520.05
2016,6,14,520.75
2016,6,15,509.51
2016,6,16,511.22
2016,6,17,509.91
2016,6,20,493.72
2016,6,21,489.59
2016,6,22,482.18
2016,6,23,471.27
2016,6,24,498.23
2016,6,27,514.87
2016,6,28,505.55
2016,6,29,492.1
2016,6,30,495.09
2016,7,1,487.74
2016,7,4,
2016,7,5,504.08
2016,7,6,506.08
2016,7,7,511.83
2016,7,8,503.56
2016,7,11,494.06
2016,7,12,483.22
2016,7,13,482.9
2016,7,14,477.94
2016,7,15,475.23
2016,7,18,474.99
2016,7,19,476.77
2016,7,20,474.74
2016,7,21,479.17
2016,7,22,476.28
2016,7,25,479.73
2016,7,26,488.07
2016,7,27,499.45
2016,7,28,497.18
2016,7,29,495.89
2016,8,1,496.51
2016,8,2,499.8
2016,8,3,492.23
2016,8,4,487.56
2016,8,5,479.93
2016,8,8,476.37
2016,8,9,470.91
2016,8,10,463.95
2016,8,11,455.21
2016,8,12,448.41
2016,8,15,442.46
2016,8,16,432.97
2016,8,17,439.34
2016,8,18,443.91
2016,8,19,447.1
2016,8,22,459.11
2016,8,23,451.31
2016,8,24,461.35
2016,8,25,461.1
2016,8,26,449.11
2016,8,29,450.29
2016,8,30,449.3
2016,8,31,455.09
2016,9,1,458.73
2016,9,2,448.62
2016,9,5,
2016,9,6,445.53
2016,9,7,438.96
2016,9,8,436.34
2016,9,9,450.79
2016,9,12,447.38
2016,9,13,461.22
2016,9,14,471.17
2016,9,15,462.05
2016,9,16,463.1
2016,9,19,456.07
2016,9,20,448.12
2016,9,21,429.6
2016,9,22,429.68
2016,9,23,438.85
2016,9,26,447.28
2016,9,27,447.64
2016,9,28,439.22
2016,9,29,446.75
2016,9,30,440.71
2016,10,3,437.78
2016,10,4,436.51
2016,10,5,437.63
2016,10,6,449.55
2016,10,7,452.84
2016,10,10,
2016,10,11,454.87
2016,10,12,450.67
2016,10,13,449.92
2016,10,14,455.79
2016,10,17,466.45
2016,10,18,462.67
2016,10,19,452.53
2016,10,20,447.59
2016,10,21,441.24
2016,10,24,442.27
2016,10,25,446.78
2016,10,26,448.5
2016,10,27,453.19
2016,10,28,451.4
2016,10,31,451.73
2016,11,1,462.45
2016,11,2,469.17
2016,11,3,460.11
2016,11,4,460.86
2016,11,7,444.87
2016,11,8,437.53
2016,11,9,439.58
2016,11,10,476.14
2016,11,11,
2016,11,14,504.83
2016,11,15,491.23
2016,11,16,487.8
2016,11,17,490.34
2016,11,18,489.39
2016,11,21,489.5
2016,11,22,487.03
2016,11,23,490.48
2016,11,24,
2016,11,25,490.57
2016,11,28,490.23
2016,11,29,497.87
2016,11,30,514.98
2016,12,1,528.95
2016,12,2,528.44
2016,12,5,524.04
2016,12,6,498.53
2016,12,7,485.73
2016,12,8,489.49
2016,12,9,489.69
2016,12,12,512.86
2016,12,13,512.39
2016,12,14,512.4
2016,12,15,514.62
2016,12,16,511.57
2016,12,19,506.27
2016,12,20,497.39
2016,12,21,489.37
2016,12,22,487.32
2016,12,23,476.58
2016,12,26,
2016,12,27,455.09
2016,12,28,448.08
2016,12,29,452.98
2016,12,30,454.96
2017,1,2,
2017,1,3,473.52
2017,1,4,476.78
2017,1,5,475.05
2017,1,6,468.27
2017,1,9,470.32
2017,1,10,481.73
2017,1,11,483.34
2017,1,12,473.27
2017,1,13,453.18
2017,1,16,
2017,1,17,455.26
2017,1,18,458.51
2017,1,19,460.73
2017,1,20,461.66
2017,1,23,469.13
2017,1,24,464.41
2017,1,25,463.08
2017,1,26,463.13
2017,1,27,457.14
2017,1,30,469.25
2017,1,31,469.45
2017,2,1,460.64
2017,2,2,448.42
2017,2,3,439.5
2017,2,6,442.65
2017,2,7,458.31
2017,2,8,460.3
2017,2,9,455.95
2017,2,10,446.12
2017,2,13,440.92
2017,2,14,441.53
2017,2,15,448.21
2017,2,16,459.12
2017,2,17,460.06
2017,2,20,
2017,2,21,455.76
2017,2,22,456.32
2017,2,23,457.99
2017,2,24,465.51
2017,2,27,469.42
2017,2,28,458.42
2017,3,1,446.32
2017,3,2,444.12
2017,3,3,437.58
2017,3,6,439.05
2017,3,7,434.16
2017,3,8,444.72
2017,3,9,448.25
2017,3,10,444.12
2017,3,13,449.08
2017,3,14,455.45
2017,3,15,444.42
2017,3,16,440.78
2017,3,17,435.58
2017,3,20,435.74
2017,3,21,444.76
2017,3,22,449.79
2017,3,23,448.38
2017,3,24,446.19
2017,3,27,452.45
2017,3,28,447.53
2017,3,29,443.11
2017,3,30,440.34
2017,3,31,442.31
2017,4,3,444.68
2017,4,4,436.83
2017,4,5,428.75
2017,4,6,429.7
2017,4,7,426.93
2017,4,10,426.2
2017,4,11,429.13
2017,4,12,433.89
2017,4,13,432.87
2017,4,14,
2017,4,17,428.62
2017,4,18,430.72
2017,4,19,423.47
2017,4,20,416.61
2017,4,21,414.55
2017,4,24,404.32
2017,4,25,398
2017,4,26,407.57
2017,4,27,408.04
2017,4,28,404.92
2017,5,1,401.11
2017,5,2,395.28
2017,5,3,394.76
2017,5,4,395.91
2017,5,5,398.46
2017,5,8,398.19
2017,5,9,401.78
2017,5,10,394.68
2017,5,11,395.91
2017,5,12,397.45
2017,5,15,391.07
2017,5,16,394.66
2017,5,17,410.21
2017,5,18,422.34
2017,5,19,412.65
2017,5,22,416.7
2017,5,23,410.58
2017,5,24,405.29
2017,5,25,409.86
2017,5,26,408.31
2017,5,29,
2017,5,30,406.34
2017,5,31,407.27
2017,6,1,402.29
2017,6,2,398.1
2017,6,5,396.63
2017,6,6,395.26
2017,6,7,395.78
2017,6,8,394.65
2017,6,9,397.04
2017,6,12,399.24
2017,6,13,396.24
2017,6,14,398.56
2017,6,15,403.96
2017,6,16,406.57
2017,6,19,411.25
2017,6,20,425.65
2017,6,21,430.95
2017,6,22,423.46
2017,6,23,418.92
2017,6,26,413.81
2017,6,27,421.01
2017,6,28,423.97
2017,6,29,435.29
2017,6,30,431.65
2017,7,3,430.44
2017,7,4,
2017,7,5,435.79
2017,7,6,445.35
2017,7,7,442.68
2017,7,10,435.04
2017,7,11,432.85
2017,7,12,430.36
2017,7,13,429.31
2017,7,14,426.23
2017,7,17,425.42
2017,7,18,434.82
2017,7,19,435.68
2017,7,20,436.67
2017,7,21,439.53
2017,7,24,444.25
2017,7,25,442.02
2017,7,26,436.05
2017,7,27,433.35
2017,7,28,439.66
2017,7,31,447.81
2017,8,1,449.2
2017,8,2,451.42
2017,8,3,454.16
2017,8,4,455.16
2017,8,7,455.52
2017,8,8,447.61
2017,8,9,453.29
2017,8,10,460.71
2017,8,11,451.55
2017,8,14,426.15
2017,8,15,417.13
2017,8,16,414.18
2017,8,17,424.47
2017,8,18,418.3
2017,8,21,420.39
2017,8,22,417.26
2017,8,23,416.14
2017,8,24,411.68
2017,8,25,403.94
2017,8,28,404.27
2017,8,29,403.56
2017,8,30,395.57
2017,8,31,402.03
2017,9,1,397.46
2017,9,4,
2017,9,5,402.55
2017,9,6,402.13
2017,9,7,401.81
2017,9,8,399.63
2017,9,11,394.71
2017,9,12,394.31
2017,9,13,384.42
2017,9,14,384.73
2017,9,15,383.07
2017,9,18,380.29
2017,9,19,381.47
2017,9,20,379.99
2017,9,21,380.77
2017,9,22,379.09
2017,9,25,385.62
2017,9,26,387.33
2017,9,27,389.32
2017,9,28,384.23
2017,9,29,376.85
2017,10,2,376.51
2017,10,3,373.69
2017,10,4,370.91
2017,10,5,367.61
2017,10,6,370.52
2017,10,9,
2017,10,10,371.56
2017,10,11,367.21
2017,10,12,362.96
2017,10,13,357.54
2017,10,16,355.34
2017,10,17,352.62
2017,10,18,351.59
2017,10,19,359.26
2017,10,20,358.03
2017,10,23,350.78
2017,10,24,356.85
2017,10,25,358.11
2017,10,26,369.17
2017,10,27,363.47
2017,10,30,353.06
2017,10,31,361.41
2017,11,1,365.19
2017,11,2,361.49
2017,11,3,368.18
2017,11,6,373.98
2017,11,7,383.91
2017,11,8,382.56
2017,11,9,385.78
2017,11,10,380.99
2017,11,13,379.67
2017,11,14,380.55
2017,11,15,387.9
2017,11,16,372.83
2017,11,17,366.01
2017,11,20,367.54
2017,11,21,363.45
2017,11,22,363.12
2017,11,23,
2017,11,24,362.74
2017,11,27,360.53
2017,11,28,355.98
2017,11,29,358.45
2017,11,30,356.65
2017,12,1,358.77
2017,12,4,355.14
2017,12,5,355.81
2017,12,6,362.83
2017,12,7,364.81
2017,12,8,368.1
2017,12,11,365.66
2017,12,12,364.48
2017,12,13,363.4
2017,12,14,361.16
2017,12,15,360.98
2017,12,18,355.41
2017,12,19,350.09
2017,12,20,346.21
2017,12,21,346.86
2017,12,22,346.65
2017,12,25,
2017,12,26,348.48
2017,12,27,350.18
2017,12,28,349.03
2017,12,29,350.95
2018,1,1,
2018,1,2,347.24
2018,1,3,355.1
2018,1,4,356.23
2018,1,5,362.22
2018,1,8,365.45
2018,1,9,360.94
2018,1,10,364.06
2018,1,11,
2018,1,12,363.59
2018,1,15,
2018,1,16,362.02
2018,1,17,360
2018,1,18,359.49
2018,1,19,362.63
2018,1,22,365.37
2018,1,23,366.58
2018,1,24,368.72
2018,1,25,372.86
2018,1,26,371.58
2018,1,29,376.11
2018,1,30,378.91
2018,1,31,374.74
2018,2,1,374.5
2018,2,2,377.82
2018,2,5,398.27
2018,2,6,395.44
2018,2,7,384.38
2018,2,8,407.12
2018,2,9,428.01
2018,2,12,414.47
2018,2,13,423.85
2018,2,14,415.43
2018,2,15,397.66
2018,2,16,392.41
2018,2,19,
2018,2,20,398.73
2018,2,21,394.81
2018,2,22,403.55
2018,2,23,405.44
2018,2,26,397.56
2018,2,27,397.66
2018,2,28,405.11
2018,3,1,418.72
2018,3,2,413.28
2018,3,5,411.17
2018,3,6,409.11
2018,3,7,415.57
2018,3,8,407.53
2018,3,9,388.51
2018,3,12,392.91
2018,3,13,399.28
2018,3,14,403.9
2018,3,15,412.62
2018,3,16,409.91
2018,3,19,420.94
2018,3,20,412.63
2018,3,21,410.53
2018,3,22,420.11
2018,3,23,427.19
2018,3,26,419.14
2018,3,27,421.19
2018,3,28,419.5
2018,3,29,420.17
2018,3,30,
2018,4,2,425.3
2018,4,3,417.38
2018,4,4,416.93
2018,4,5,408.62
2018,4,6,419.34
2018,4,9,414.85
2018,4,10,407.29
2018,4,11,405.57
2018,4,12,395.99
2018,4,13,397.56
2018,4,16,400.63
2018,4,17,400.29
2018,4,18,397.05
2018,4,19,398.23
2018,4,20,400.14
2018,4,23,401.33
2018,4,24,402.62
2018,4,25,402.1
2018,4,26,418.68
2018,4,27,419.15
2018,4,30,430.57
2018,5,1,432.33
2018,5,2,444
2018,5,3,469.33
2018,5,4,453.56
2018,5,7,469.8
2018,5,8,488.62
2018,5,9,488.35
2018,5,10,467.46
2018,5,11,479.25
2018,5,14,498.92
2018,5,15,480.21
2018,5,16,448.79
2018,5,17,451.53
2018,5,18,459.53
2018,5,21,457.2
2018,5,22,453.72
2018,5,23,451.97
2018,5,24,454.07
2018,5,25,461.57
2018,5,28,
2018,5,29,496.67
2018,5,30,500.59
2018,5,31,521.16
2018,6,1,511.8
2018,6,4,480.21
2018,6,5,472.92
2018,6,6,465.31
2018,6,7,478.71
2018,6,8,473.87
2018,6,11,485.66
2018,6,12,502.35
2018,6,13,505.03
2018,6,14,539.69
2018,6,15,549.91
2018,6,18,565.52
2018,6,19,560.68
2018,6,20,554.41
2018,6,21,542.57
2018,6,22,533.21
2018,6,25,546.32
2018,6,26,558.33
2018,6,27,583.91
2018,6,28,592.89
2018,6,29,608.42
2018,7,2,603.95
2018,7,3,587.42
2018,7,4,
2018,7,5,577.65
2018,7,6,563.98
2018,7,9,563.11
2018,7,10,566.72
2018,7,11,578.1
2018,7,12,573.67
2018,7,13,568.56
2018,7,16,575.42
2018,7,17,582.76
2018,7,18,574.46
2018,7,19,581.65
2018,7,20,571.87
2018,7,23,571.73
2018,7,24,576.13
2018,7,25,574.35
2018,7,26,553.42
2018,7,27,548.98
2018,7,30,549.56
2018,7,31,555.77
2018,8,1,558.82
2018,8,2,568.31
2018,8,3,568.5
2018,8,6,580.61
2018,8,7,589.86
2018,8,8,607.76
2018,8,9,631.9
2018,8,10,698.53
2018,8,13,746.63
2018,8,14,694.2
2018,8,15,696.98
2018,8,16,661.24
2018,8,17,670.01
2018,8,20,683.62
2018,8,21,684.35
2018,8,22,689.16
2018,8,23,695.5
2018,8,24,699.45
2018,8,27,686.68
2018,8,28,688.12
2018,8,29,727.27
2018,8,30,776.57
2018,8,31,771.35
2018,9,3,
2018,9,4,782.76
2018,9,5,744.22
2018,9,6,728.8
2018,9,7,724.82
2018,9,10,744.95
2018,9,11,741.23
2018,9,12,698.84
2018,9,13,694.97
2018,9,14,661.18
2018,9,17,649.03
2018,9,18,655.52
2018,9,19,622.03
2018,9,20,601.29
2018,9,21,588.23
2018,9,24,611.58
2018,9,25,603.18
2018,9,26,613.69
2018,9,27,593.31
2018,9,28,622.7
2018,10,1,628.69
2018,10,2,631.65
2018,10,3,626.47
2018,10,4,656.11
2018,10,5,669.02
2018,10,8,
2018,10,9,660.63
2018,10,10,681.44
2018,10,11,685.81
2018,10,12,657.37
2018,10,15,634.52
2018,10,16,636.06
2018,10,17,655.49
2018,10,18,662.71
2018,10,19,660.79
2018,10,22,664.59
2018,10,23,665.35
2018,10,24,676.15
2018,10,25,667.29
2018,10,26,670.08
2018,10,29,671.69
2018,10,30,665.19
2018,10,31,652.18
2018,11,1,634.77
2018,11,2,608.85
2018,11,5,604.46
2018,11,6,600.24
2018,11,7,596.6
2018,11,8,606.67
2018,11,9,616.54
2018,11,12,
2018,11,13,637.4
2018,11,14,642.18
2018,11,15,649.13
2018,11,16,656.41
2018,11,19,666.44
2018,11,20,692.99
2018,11,21,686.02
2018,11,22,
2018,11,23,688.21
2018,11,26,694.84
2018,11,27,714.45
2018,11,28,704.91
2018,11,29,708.58
2018,11,30,706.26
2018,12,3,697.57
2018,12,4,724.02
2018,12,5,
2018,12,6,728.68
2018,12,7,729.33
2018,12,10,751.74
2018,12,11,756.68
2018,12,12,741.05
2018,12,13,745.84
2018,12,14,762.83
2018,12,17,774.69
2018,12,18,781.02
2018,12,19,786.56
2018,12,20,802.08
2018,12,21,815.42
2018,12,24,820.58
2018,12,25,
2018,12,26,820.13
2018,12,27,829.23
2018,12,28,813.06
2018,12,31,817.27
2019,1,1,
2019,1,2,791.1
2019,1,3,768.28
2019,1,4,730.44
2019,1,7,712.9
2019,1,8,726.55
2019,1,9,708.24
2019,1,10,705.76
2019,1,11,702.82
2019,1,14,697.35
2019,1,15,694.99
2019,1,16,689.18
2019,1,17,689.74
2019,1,18,672.13
2019,1,21,
2019,1,22,689.32
2019,1,23,670.3
2019,1,24,663.35
2019,1,25,663.48
2019,1,28,684.8
2019,1,29,695.51
2019,1,30,688.73
2019,1,31,675.99
2019,2,1,653.97
2019,2,4,647.55
2019,2,5,634.75
2019,2,6,652.23
2019,2,7,667.3
2019,2,8,674.55
2019,2,11,683.35
2019,2,12,670.07
2019,2,13,664.66
2019,2,14,673.72
2019,2,15,689.81
2019,2,18,
2019,2,19,703.47
2019,2,20,714.99
2019,2,21,711.12
2019,2,22,699.21
2019,2,25,691.68
2019,2,26,691.15
2019,2,27,686.13
2019,2,28,696.92
2019,3,1,717.5
2019,3,4,733.1
2019,3,5,743.99
2019,3,6,746.55
2019,3,7,776.7
2019,3,8,764.02
2019,3,11,737.76
2019,3,12,741.22
2019,3,13,748.09
2019,3,14,737.38
2019,3,15,723.63
2019,3,18,725.15
2019,3,19,724.5
2019,3,20,722.78
2019,3,21,730.63
2019,3,22,764.2
2019,3,25,768.34
2019,3,26,768.09
2019,3,27,781.35
2019,3,28,787.05
2019,3,29,774.09
2019,4,1,761.49
2019,4,2,763.67
2019,4,3,753.47
2019,4,4,767.23
2019,4,5,782.35
2019,4,8,802.95
2019,4,9,815.35
2019,4,10,816.48
2019,4,11,814.1
2019,4,12,808.46
2019,4,15,808.28
2019,4,16,801.07
2019,4,17,825.5
2019,4,18,850.97
2019,4,19,
2019,4,22,844.98
2019,4,23,859.93
2019,4,24,949.89
2019,4,25,939.46
2019,4,26,962.94
2019,4,29,939.06
2019,4,30,950.36
2019,5,1,959.88
2019,5,2,964.03
2019,5,3,930.54
2019,5,6,916.25
2019,5,7,916.59
2019,5,8,900.63
2019,5,9,902.68
2019,5,10,897.99
2019,5,13,931.41
2019,5,14,921
2019,5,15,913.28
2019,5,16,918.3
2019,5,17,942.98
2019,5,20,933.98
2019,5,21,885.46
2019,5,22,909.23
2019,5,23,919.24
2019,5,24,903.13
2019,5,27,
2019,5,28,920.42
2019,5,29,934.39
2019,5,30,941.72
2019,5,31,985.23
2019,6,3,"1,007.87"
2019,6,4,968.58
2019,6,5,966.88
2019,6,6,952.05
2019,6,7,946.62
2019,6,10,932.39
2019,6,11,904.07
2019,6,12,848.54
2019,6,13,844.24
2019,6,14,844.87
2019,6,17,849.97
2019,6,18,833.48
2019,6,19,825.66
2019,6,20,822.27
2019,6,21,821.24
2019,6,24,849.47
2019,6,25,874.67
2019,6,26,871.36
2019,6,27,856.03
2019,6,28,834.93
2019,7,1,812.75
2019,7,2,802.73
2019,7,3,794.88
2019,7,4,
2019,7,5,787.46
2019,7,8,800.57
2019,7,9,785.82
2019,7,10,786.22
2019,7,11,787.37
2019,7,12,778.47
2019,7,15,770.88
2019,7,16,773.14
2019,7,17,781.13
2019,7,18,789.56
2019,7,19,783.03
2019,7,22,782.05
2019,7,23,780.03
2019,7,24,810.22
2019,7,25,825.87
2019,7,26,791.95
2019,7,29,784.82
2019,7,30,783.04
2019,7,31,780.73
2019,8,1,814.51
2019,8,2,829.27
2019,8,5,902.45
2019,8,6,895.73
2019,8,7,897.43
2019,8,8,895.06
2019,8,9,871.58
2019,8,12,"1,467.43"
2019,8,13,"1,741.15"
2019,8,14,"1,957.15"
2019,8,15,"1,738.34"
2019,8,16,"1,653.17"
2019,8,19,"1,879.18"
2019,8,20,"1,866.36"
2019,8,21,"1,814.46"
2019,8,22,"1,795.48"
2019,8,23,"1,806.90"
2019,8,26,"1,814.60"
2019,8,27,"1,989.63"
2019,8,28,"2,072.14"
2019,8,29,"2,271.79"
2019,8,30,"2,531.95"
2019,9,2,
2019,9,3,"2,522.90"
2019,9,4,"2,336.11"
2019,9,5,"2,188.42"
2019,9,6,"2,031.41"
2019,9,9,"2,053.43"
2019,9,10,"2,109.43"
2019,9,11,"2,061.30"
2019,9,12,"2,092.98"
2019,9,13,"2,167.40"
2019,9,16,"2,232.40"
2019,9,17,"2,152.08"
2019,9,18,"2,084.17"
2019,9,19,"2,115.31"
2019,9,20,"2,099.95"
2019,9,23,"2,163.07"
2019,9,24,"2,223.06"
2019,9,25,"2,212.26"
2019,9,26,"2,232.19"
2019,9,27,"2,171.55"
2019,9,30,"2,143.09"
2019,10,1,"2,156.08"
2019,10,2,"2,181.06"
2019,10,3,"2,190.13"
2019,10,4,"2,168.84"
2019,10,7,"2,109.50"
2019,10,8,"2,093.59"
2019,10,9,"2,048.88"
2019,10,10,"1,890.49"
2019,10,11,"1,893.96"
2019,10,14,
2019,10,15,"1,930.66"
2019,10,16,"2,003.69"
2019,10,17,"1,994.68"
2019,10,18,"2,047.87"
2019,10,21,"2,121.68"
2019,10,22,"2,168.51"
2019,10,23,"2,153.82"
2019,10,24,"2,087.77"
2019,10,25,"2,145.81"
2019,10,28,"2,262.49"
2019,10,29,"2,206.08"
2019,10,30,"2,238.21"
2019,10,31,"2,278.05"
2019,11,1,"2,275.27"
2019,11,4,"2,270.45"
2019,11,5,"2,281.82"
2019,11,6,"2,331.12"
2019,11,7,"2,341.53"
2019,11,8,"2,413.27"
2019,11,11,
2019,11,12,"2,492.60"
2019,11,13,"2,495.89"
2019,11,14,"2,430.45"
2019,11,15,"2,442.32"
2019,11,18,"2,455.02"
2019,11,19,"2,365.59"
2019,11,20,"2,262.09"
2019,11,21,"2,208.13"
2019,11,22,"2,236.49"
2019,11,25,"2,289.00"
2019,11,26,"2,272.36"
2019,11,27,"2,263.92"
2019,11,28,
2019,11,29,"2,261.64"
2019,12,2,"2,376.05"
2019,12,3,"2,399.50"
2019,12,4,"2,339.67"
2019,12,5,"2,358.01"
2019,12,6,"2,316.83"
2019,12,9,"2,180.01"
2019,12,10,"2,165.17"
2019,12,11,"2,141.38"
2019,12,12,"2,082.59"
2019,12,13,"2,102.85"
2019,12,16,"2,113.62"
2019,12,17,"1,967.54"
2019,12,18,"1,887.71"
2019,12,19,"1,928.58"
2019,12,20,"1,902.09"
2019,12,23,"1,850.66"
2019,12,24,"1,831.46"
2019,12,25,
2019,12,26,"1,779.27"
2019,12,27,"1,738.50"
2019,12,30,"1,748.36"
2019,12,31,"1,743.78"
2020,1,1,
2020,1,2,"1,824.14"
2020,1,3,"1,938.04"
2020,1,6,"1,929.84"
2020,1,7,"1,897.57"
2020,1,8,"1,887.40"
2020,1,9,"1,846.93"
2020,1,10,"1,820.32"
2020,1,13,"1,818.55"
2020,1,14,"1,847.02"
2020,1,15,"1,806.43"
2020,1,16,"1,801.92"
2020,1,17,"1,830.32"
2020,1,20,
2020,1,21,"1,919.86"
2020,1,22,"1,967.20"
2020,1,23,"1,995.05"
2020,1,24,"2,070.38"
2020,1,27,"2,149.50"
2020,1,28,"2,097.91"
2020,1,29,"2,029.11"
2020,1,30,"2,034.81"
2020,1,31,"2,067.66"
2020,2,3,"2,004.28"
2020,2,4,"1,904.19"
2020,2,5,"1,884.19"
2020,2,6,"1,901.12"
2020,2,7,"1,863.87"
2020,2,10,"1,881.97"
2020,2,11,"1,981.08"
2020,2,12,"1,950.78"
2020,2,13,"2,037.22"
2020,2,14,"2,013.95"
2020,2,17,
2020,2,18,"2,053.00"
2020,2,19,"2,034.81"
2020,2,20,"2,092.50"
2020,2,21,"2,046.39"
2020,2,24,"2,058.90"
2020,2,25,"2,070.98"
2020,2,26,"2,081.84"
2020,2,27,"2,185.92"
2020,2,28,"2,282.55"
2020,3,2,"2,243.73"
2020,3,3,"2,214.39"
2020,3,4,"2,185.67"
2020,3,5,"2,330.05"
2020,3,6,"2,426.34"
2020,3,9,"2,782.89"
2020,3,10,"2,811.55"
2020,3,11,"2,948.37"
2020,3,12,"3,124.23"
2020,3,13,"3,064.13"
2020,3,16,"3,467.13"
2020,3,17,"3,546.41"
2020,3,18,"3,968.56"
2020,3,19,"4,050.07"
2020,3,20,"4,015.15"
2020,3,23,"4,361.56"
2020,3,24,"4,269.09"
2020,3,25,"4,245.74"
2020,3,26,"4,142.57"
2020,3,27,"4,185.15"
2020,3,30,"4,082.04"
2020,3,31,"3,803.17"
2020,4,1,"3,943.01"
2020,4,2,"3,827.97"
2020,4,3,"3,682.79"
2020,4,6,"3,587.63"
2020,4,7,"3,651.76"
2020,4,8,"3,842.25"
2020,4,9,"3,798.12"
2020,4,10,
2020,4,13,"3,863.68"
2020,4,14,"3,855.53"
2020,4,15,"3,993.62"
2020,4,16,"3,986.67"
2020,4,17,"3,495.74"
2020,4,20,"3,428.60"
2020,4,21,"3,616.89"
2020,4,22,"3,788.90"
2020,4,23,"3,994.13"
2020,4,24,"4,037.46"
2020,4,27,"4,008.68"
2020,4,28,"3,988.72"
2020,4,29,"3,999.37"
2020,4,30,"3,472.38"
2020,5,1,"3,519.57"
2020,5,4,"3,614.20"
2020,5,5,"3,454.53"
2020,5,6,"3,373.71"
2020,5,7,"3,335.44"
2020,5,8,"3,322.14"
2020,5,11,"3,110.75"
2020,5,12,"3,005.03"
2020,5,13,"3,035.68"
2020,5,14,"3,040.29"
2020,5,15,"2,836.95"
2020,5,18,"2,689.72"
2020,5,19,"2,750.86"
2020,5,20,"2,782.36"
2020,5,21,"2,784.16"
2020,5,22,"2,762.98"
2020,5,25,
2020,5,26,"2,630.95"
2020,5,27,"2,663.97"
2020,5,28,"2,727.81"
2020,5,29,"2,626.90"
2020,6,1,"2,614.68"
2020,6,2,"2,576.23"
2020,6,3,"2,481.32"
2020,6,4,"2,534.05"
2020,6,5,"2,554.58"
2020,6,8,"2,478.23"
2020,6,9,"2,599.68"
2020,6,10,"2,534.77"
2020,6,11,"2,608.84"
2020,6,12,"2,577.51"
2020,6,15,"2,605.03"
2020,6,16,"2,523.96"
2020,6,17,"2,541.36"
2020,6,18,"2,602.82"
2020,6,19,"2,540.93"
2020,6,22,"2,487.06"
2020,6,23,"2,448.19"
2020,6,24,"2,513.56"
2020,6,25,"2,527.45"
2020,6,26,"2,532.86"
2020,6,29,"2,469.76"
2020,6,30,"2,495.39"
2020,7,1,"2,496.82"
2020,7,2,"2,509.08"
2020,7,3,
2020,7,6,"2,378.14"
2020,7,7,"2,343.01"
2020,7,8,"2,292.98"
2020,7,9,"2,337.18"
2020,7,10,"2,298.84"
2020,7,13,"2,307.99"
2020,7,14,"2,365.69"
2020,7,15,"2,340.61"
2020,7,16,"2,343.06"
2020,7,17,"2,358.76"
2020,7,20,"2,381.33"
2020,7,21,"2,356.41"
2020,7,22,"2,278.39"
2020,7,23,"2,220.76"
2020,7,24,"2,210.18"
2020,7,27,"2,211.39"
2020,7,28,"2,241.96"
2020,7,29,"2,279.74"
2020,7,30,"2,278.17"
2020,7,31,"2,262.53"
2020,8,3,"2,246.16"
2020,8,4,"2,027.34"
2020,8,5,"2,017.85"
2020,8,6,"2,055.51"
2020,8,7,"2,091.32"
2020,8,10,"2,083.78"
2020,8,11,"2,083.12"
2020,8,12,"2,098.95"
2020,8,13,"2,100.61"
2020,8,14,"2,111.93"
2020,8,17,"2,131.16"
2020,8,18,"2,138.79"
2020,8,19,"2,141.74"
2020,8,20,"2,157.91"
2020,8,21,"2,152.97"
2020,8,24,"2,139.68"
2020,8,25,"2,137.02"
2020,8,26,"2,146.08"
2020,8,27,"2,148.96"
2020,8,28,"2,141.61"
2020,8,31,"2,147.29"
2020,9,1,"2,126.66"
2020,9,2,"2,123.32"
2020,9,3,"2,127.74"
2020,9,4,"2,116.52"
2020,9,7,
2020,9,8,"2,120.15"
2020,9,9,"2,120.24"
2020,9,10,"1,101.22"
2020,9,11,"1,108.03"
2020,9,14,"1,120.02"
2020,9,15,"1,118.50"
2020,9,16,"1,181.33"
2020,9,17,"1,237.41"
2020,9,18,"1,258.73"
2020,9,21,"1,338.24"
2020,9,22,"1,352.73"
2020,9,23,"1,389.62"
2020,9,24,"1,358.98"
2020,9,25,"1,332.04"
2020,9,28,"1,340.14"
2020,9,29,"1,332.65"
2020,9,30,"1,300.26"
2020,10,1,"1,339.00"
2020,10,2,"1,352.97"
2020,10,5,"1,350.21"
2020,10,6,"1,373.33"
2020,10,7,"1,373.76"
2020,10,8,"1,365.79"
2020,10,9,"1,342.90"
2020,10,12,
2020,10,13,"1,367.89"
2020,10,14,"1,403.72"
2020,10,15,"1,406.11"
2020,10,16,"1,396.79"
2020,10,19,"1,431.03"
2020,10,20,"1,433.91"
2020,10,21,"1,445.32"
2020,10,22,"1,440.47"
2020,10,23,"1,425.39"
2020,10,26,"1,445.32"
2020,10,27,"1,459.87"
2020,10,28,"1,481.28"
2020,10,29,"1,480.50"
2020,10,30,"1,481.74"
2020,11,2,"1,463.85"
2020,11,3,"1,434.79"
2020,11,4,"1,430.23"
2020,11,5,"1,402.25"
2020,11,6,"1,391.46"
2020,11,9,"1,352.72"
2020,11,10,"1,352.15"
2020,11,11,
2020,11,12,"1,342.07"
2020,11,13,"1,331.38"
2020,11,16,"1,323.03"
2020,11,17,"1,349.54"
2020,11,18,"1,356.65"
2020,11,19,"1,369.93"
2020,11,20,"1,377.54"
2020,11,23,"1,375.01"
2020,11,24,"1,368.50"
2020,11,25,"1,376.34"
2020,11,26,
2020,11,27,"1,376.38"
2020,11,30,"1,410.33"
2020,12,1,"1,404.51"
2020,12,2,"1,410.90"
2020,12,3,"1,425.99"
2020,12,4,"1,427.50"
2020,12,7,"1,455.67"
2020,12,8,"1,451.79"
2020,12,9,"1,433.93"
2020,12,10,"1,418.22"
2020,12,11,"1,393.89"
2020,12,14,"1,369.40"
2020,12,15,"1,387.46"
2020,12,16,"1,382.34"
2020,12,17,"1,379.98"
2020,12,18,"1,365.17"
2020,12,21,"1,361.81"
2020,12,22,"1,362.66"
2020,12,23,"1,358.10"
2020,12,24,"1,355.88"
2020,12,25,
2020,12,28,"1,361.51"
2020,12,29,"1,367.93"
2020,12,30,"1,372.77"
2020,12,31,"1,367.84"
2021,1,1,
2021,1,4,"1,399.82"
2021,1,5,"1,412.42"
2021,1,6,"1,374.10"
2021,1,7,"1,374.27"
2021,1,8,"1,384.18"
2021,1,11,"1,395.33"
2021,1,12,"1,414.97"
2021,1,13,"1,448.59"
2021,1,14,"1,460.11"
2021,1,15,"1,450.51"
2021,1,18,
2021,1,19,"1,429.06"
2021,1,20,"1,418.54"
2021,1,21,"1,439.74"
2021,1,22,"1,422.34"
2021,1,25,"1,432.52"
2021,1,26,"1,430.35"
2021,1,27,"1,444.16"
2021,1,28,"1,444.07"
2021,1,29,"1,445.30"
2021,2,1,"1,438.22"
2021,2,2,"1,440.42"
2021,2,3,"1,455.21"
2021,2,4,"1,455.10"
2021,2,5,"1,444.60"
2021,2,8,"1,433.81"
2021,2,9,"1,448.34"
2021,2,10,"1,455.61"
2021,2,11,"1,463.08"
2021,2,12,"1,455.99"
2021,2,15,
2021,2,16,"1,496.80"
2021,2,17,"1,473.46"
2021,2,18,"1,481.97"
2021,2,19,"1,487.59"
2021,2,22,"1,500.74"
2021,2,23,"1,513.87"
2021,2,24,"1,505.48"
2021,2,25,"1,499.26"
2021,2,26,"1,510.77"
2021,3,1,"1,511.94"
2021,3,2,"1,542.65"
2021,3,3,"1,546.57"
2021,3,4,"1,552.17"
2021,3,5,"1,590.13"
2021,3,8,"1,597.82"
2021,3,9,"1,638.55"
2021,3,10,"1,647.23"
2021,3,11,"1,630.42"
2021,3,12,"1,593.72"
2021,3,15,"1,569.90"
2021,3,16,"1,551.46"
2021,3,17,"1,532.58"
2021,3,18,"1,536.21"
2021,3,19,"1,517.42"
2021,3,22,"1,512.39"
2021,3,23,"1,522.11"
2021,3,24,"1,572.93"
2021,3,25,"1,565.65"
2021,3,26,"1,571.53"
2021,3,29,"1,575.68"
2021,3,30,"1,598.95"
2021,3,31,"1,588.62"
2021,4,1,"1,589.21"
2021,4,2,
2021,4,5,"1,592.08"
2021,4,6,"1,598.18"
2021,4,7,"1,605.73"
2021,4,8,"1,607.88"
2021,4,9,"1,614.35"
2021,4,12,"1,586.35"
2021,4,13,"1,591.79"
2021,4,14,"1,577.82"
2021,4,15,"1,605.48"
2021,4,16,"1,601.10"
2021,4,19,"1,590.35"
2021,4,20,"1,593.85"
2021,4,21,"1,596.76"
2021,4,22,"1,580.94"
2021,4,23,"1,578.38"
2021,4,26,"1,559.31"
2021,4,27,"1,538.56"
2021,4,28,"1,545.19"
2021,4,29,"1,557.38"
2021,4,30,"1,551.40"
2021,5,3,"1,562.02"
2021,5,4,"1,560.04"
2021,5,5,"1,567.28"
2021,5,6,"1,577.56"
2021,5,7,"1,579.60"
2021,5,10,"1,591.15"
2021,5,11,"1,606.70"
2021,5,12,"1,596.11"
2021,5,13,"1,591.53"
2021,5,14,"1,546.72"
2021,5,17,"1,512.71"
2021,5,18,"1,504.08"
2021,5,19,"1,518.42"
2021,5,20,"1,519.46"
2021,5,21,"1,537.13"
2021,5,24,"1,531.90"
2021,5,25,"1,528.16"
2021,5,26,"1,514.42"
2021,5,27,"1,505.83"
2021,5,28,"1,507.85"
2021,5,31,
2021,6,1,"1,498.02"
2021,6,2,"1,479.77"
2021,6,3,"1,498.25"
2021,6,4,"1,505.88"
2021,6,7,"1,507.10"
2021,6,8,"1,492.08"
2021,6,9,"1,470.46"
2021,6,10,"1,474.40"
2021,6,11,"1,465.80"
2021,6,14,"1,475.62"
2021,6,15,"1,482.75"
2021,6,16,"1,472.65"
2021,6,17,"1,495.85"
2021,6,18,"1,501.49"
2021,6,21,"1,521.60"
2021,6,22,"1,536.47"
2021,6,23,"1,531.87"
2021,6,24,"1,555.57"
2021,6,25,"1,573.04"
2021,6,28,"1,586.87"
2021,6,29,"1,591.72"
2021,6,30,"1,596.31"
2021,7,1,"1,584.63"
2021,7,2,"1,589.77"
2021,7,5,
2021,7,6,"1,606.90"
2021,7,7,"1,602.37"
2021,7,8,"1,611.22"
2021,7,9,"1,600.15"
2021,7,12,"1,599.37"
2021,7,13,"1,589.04"
2021,7,14,"1,582.28"
2021,7,15,"1,594.61"
2021,7,16,"1,594.86"
2021,7,19,"1,620.89"
2021,7,20,"1,606.50"
2021,7,21,"1,596.54"
2021,7,22,"1,597.32"
2021,7,23,"1,581.49"
2021,7,26,"1,587.24"
2021,7,27,"1,601.38"
2021,7,28,"1,599.80"
2021,7,29,"1,592.73"
2021,7,30,"1,590.95"
2021,8,2,"1,594.86"
2021,8,3,"1,594.69"
2021,8,4,"1,589.13"
2021,8,5,"1,580.16"
2021,8,6,"1,572.76"
2021,8,9,"1,578.51"
2021,8,10,"1,564.28"
2021,8,11,"1,564.54"
2021,8,12,"1,538.26"
2021,8,13,"1,566.06"
2021,8,16,"1,589.14"
2021,8,17,"1,589.02"
2021,8,18,"1,589.39"
2021,8,19,"1,603.64"
2021,8,20,"1,597.94"
2021,8,23,"1,571.85"
2021,8,24,"1,547.04"
2021,8,25,"1,537.74"
2021,8,26,"1,541.81"
2021,8,27,"1,538.12"
2021,8,30,"1,508.61"
2021,8,31,"1,512.62"
2021,9,1,"1,492.99"
2021,9,2,"1,481.64"
2021,9,3,"1,486.71"
2021,9,6,
2021,9,7,"1,476.89"
2021,9,8,"1,503.99"
2021,9,9,"1,528.36"
2021,9,10,"1,538.23"
2021,9,13,"1,482.96"
2021,9,14,"1,501.11"
2021,9,15,"1,489.82"
2021,9,16,"1,495.83"
2021,9,17,"1,512.17"
2021,9,20,"1,575.94"
2021,9,21,"1,596.50"
2021,9,22,"1,612.28"
2021,9,23,"1,598.15"
2021,9,24,"1,619.02"
2021,9,27,"1,631.14"
2021,9,28,"1,597.37"
2021,9,29,"1,589.07"
2021,9,30,"1,606.64"
2021,10,1,"1,610.55"
2021,10,4,"1,612.61"
2021,10,5,"1,591.55"
2021,10,6,"1,588.08"
2021,10,7,"1,582.08"
2021,10,8,"1,602.44"
2021,10,11,
2021,10,12,"1,617.36"
2021,10,13,"1,624.50"
2021,10,14,"1,629.03"
2021,10,15,"1,628.81"
2021,10,18,"1,643.71"
2021,10,19,"1,638.73"
2021,10,20,"1,638.10"
2021,10,21,"1,653.09"
2021,10,22,"1,672.23"
2021,10,25,"1,667.30"
2021,10,26,"1,664.19"
2021,10,27,"1,668.73"
2021,10,28,"1,693.60"
2021,10,29,"1,712.14"
2021,11,1,"1,728.42"
2021,11,2,"1,740.69"
2021,11,3,"1,737.26"
2021,11,4,"1,746.03"
2021,11,5,"1,725.74"
2021,11,8,"1,715.71"
2021,11,9,"1,730.80"
2021,11,10,"1,743.65"
2021,11,11,
2021,11,12,"1,734.43"
2021,11,15,"1,684.31"
2021,11,16,"1,706.81"
2021,11,17,"1,723.71"
2021,11,18,"1,740.81"
2021,11,19,"1,749.93"
2021,11,22,"1,780.11"
2021,11,23,"1,797.57"
2021,11,24,"1,821.15"
2021,11,25,
2021,11,26,"1,872.22"
2021,11,29,"1,878.29"
2021,11,30,"1,913.61"
2021,12,1,"1,826.62"
2021,12,2,"1,816.34"
2021,12,3,"1,778.51"
2021,12,6,"1,746.98"
2021,12,7,"1,697.76"
2021,12,8,"1,693.19"
2021,12,9,"1,681.62"
2021,12,10,"1,712.39"
2021,12,13,"1,716.56"
2021,12,14,"1,697.04"
2021,12,15,"1,685.87"
2021,12,16,"1,704.04"
2021,12,17,"1,717.49"
2021,12,20,"1,748.44"
2021,12,21,"1,743.06"
2021,12,22,"1,754.30"
2021,12,23,"1,761.97"
2021,12,24,
2021,12,27,"1,742.55"
2021,12,28,"1,718.36"
2021,12,29,"1,701.83"
2021,12,30,"1,703.18"
2021,12,31,"1,687.80"
2022,1,3,"1,700.69"
2022,1,4,"1,730.92"
2022,1,5,"1,753.49"
2022,1,6,"1,788.39"
2022,1,7,"1,802.32"
2022,1,10,"1,820.95"
2022,1,11,"1,819.77"
2022,1,12,"1,835.11"
2022,1,13,"1,864.31"
2022,1,14,"1,882.04"
2022,1,17,
2022,1,18,"1,890.17"
2022,1,19,"1,880.47"
2022,1,20,"1,906.81"
2022,1,21,"1,916.44"
2022,1,24,"1,961.21"
2022,1,25,"1,927.83"
2022,1,26,"1,896.29"
2022,1,27,"1,903.88"
2022,1,28,"1,756.17"
2022,1,31,"1,722.99"
2022,2,1,"1,739.64"
2022,2,2,"1,725.82"
2022,2,3,"1,757.96"
2022,2,4,"1,779.72"
2022,2,7,"1,784.41"
2022,2,8,"1,769.89"
2022,2,9,"1,766.56"
2022,2,10,"1,775.84"
2022,2,11,"1,813.61"
2022,2,14,"1,800.32"
2022,2,15,"1,762.47"
2022,2,16,"1,737.65"
2022,2,17,"1,759.43"
2022,2,18,"1,709.29"
2022,2,21,
2022,2,22,"1,724.88"
2022,2,23,"1,738.66"
2022,2,24,"1,765.62"
2022,2,25,"1,794.83"
2022,2,28,"1,815.54"
2022,3,1,"1,842.08"
2022,3,2,"1,850.41"
2022,3,3,"1,859.95"
2022,3,4,"1,926.85"
2022,3,7,"1,971.34"
2022,3,8,"1,979.46"
2022,3,9,"1,873.71"
2022,3,10,"1,825.43"
2022,3,11,"1,816.07"
2022,3,14,"1,807.27"
2022,3,15,"1,815.13"
2022,3,16,"1,779.65"
2022,3,17,"1,769.47"
2022,3,18,"1,789.22"
2022,3,21,"1,791.13"
2022,3,22,"1,787.30"
2022,3,23,"1,836.72"
2022,3,24,"1,817.01"
2022,3,25,"1,785.10"
2022,3,28,"1,744.03"
2022,3,29,"1,726.53"
2022,3,30,"1,729.34"
2022,3,31,"1,718.13"
2022,4,1,"1,714.39"
2022,4,4,"1,692.15"
2022,4,5,"1,709.97"
2022,4,6,"1,709.74"
2022,4,7,"1,702.50"
2022,4,8,"1,711.46"
2022,4,11,"1,722.89"
2022,4,12,"1,735.02"
2022,4,13,"1,709.63"
2022,4,14,"1,688.78"
2022,4,15,
2022,4,18,"1,678.68"
2022,4,19,"1,688.63"
2022,4,20,"1,701.41"
2022,4,21,"1,729.76"
2022,4,22,"1,776.18"
2022,4,25,"1,753.52"
2022,4,26,"1,782.44"
2022,4,27,"1,768.29"
2022,4,28,"1,789.27"
2022,4,29,"1,801.40"
2022,5,2,"1,816.80"
2022,5,3,"1,786.09"
2022,5,4,"1,763.24"
2022,5,5,"1,788.11"
2022,5,6,"1,808.34"
2022,5,9,"1,848.54"
2022,5,10,"1,854.48"
2022,5,11,"1,839.55"
2022,5,12,"1,886.87"
2022,5,13,"1,894.62"
2022,5,16,"1,927.09"
2022,5,17,"1,929.85"
2022,5,18,"1,951.13"
2022,5,19,"1,944.45"
2022,5,20,"1,950.83"
2022,5,23,"1,915.92"
2022,5,24,"1,933.67"
2022,5,25,"1,916.66"
2022,5,26,"1,927.59"
2022,5,27,"1,916.09"
2022,5,30,
2022,5,31,"1,917.54"
2022,6,1,"1,911.60"
2022,6,2,"1,896.69"
2022,6,3,"1,893.79"
2022,6,6,"1,907.55"
2022,6,7,"1,930.41"
2022,6,8,"1,969.55"
2022,6,9,"2,044.67"
2022,6,10,"2,042.56"
2022,6,13,"2,124.19"
2022,6,14,"2,124.51"
2022,6,15,"2,111.48"
2022,6,16,"2,198.76"
2022,6,17,"2,212.94"
2022,6,20,
2022,6,21,"2,199.60"
2022,6,22,"2,265.02"
2022,6,23,"2,285.21"
2022,6,24,"2,355.75"
2022,6,27,"2,451.07"
2022,6,28,"2,433.84"
2022,6,29,"2,370.60"
2022,6,30,"2,428.23"
2022,7,1,"2,344.10"
2022,7,4,
2022,7,5,"2,651.57"
2022,7,6,"2,682.81"
2022,7,7,"2,640.61"
2022,7,8,"2,650.64"
2022,7,11,"2,669.44"
2022,7,12,"2,728.18"
2022,7,13,"2,729.25"
2022,7,14,"2,755.71"
2022,7,15,"2,753.71"
2022,7,18,"2,767.19"
2022,7,19,"2,766.44"
2022,7,20,"2,770.27"
2022,7,21,"2,913.48"
2022,7,22,"2,890.24"
2022,7,25,"2,905.46"
2022,7,26,"2,830.81"
2022,7,27,"2,672.41"
2022,7,28,"2,519.01"
2022,7,29,"2,398.10"
2022,8,1,"2,402.81"
2022,8,2,"2,418.82"
2022,8,3,"2,443.74"
2022,8,4,"2,457.70"
2022,8,5,"2,435.77"
2022,8,8,"2,370.70"
2022,8,9,"2,467.94"
2022,8,10,"2,475.95"
2022,8,11,"2,442.32"
2022,8,12,"2,466.65"
2022,8,15,"2,417.30"
2022,8,16,"2,394.95"
2022,8,17,"2,421.94"
2022,8,18,"2,441.21"
2022,8,19,"2,456.01"
2022,8,22,"2,437.75"
2022,8,23,"2,385.95"
2022,8,24,"2,335.53"
2022,8,25,"2,319.50"
2022,8,26,"2,393.98"
2022,8,29,"2,420.19"
2022,8,30,"2,407.34"
2022,8,31,"2,384.90"
2022,9,1,"2,396.39"
2022,9,2,"2,427.11"
2022,9,5,
2022,9,6,"2,354.61"
2022,9,7,"2,350.46"
2022,9,8,"2,335.99"
2022,9,9,"2,318.22"
2022,9,12,"2,304.19"
2022,9,13,"2,316.77"
2022,9,14,"2,328.54"
2022,9,15,"2,334.15"
2022,9,16,"2,381.68"
2022,9,19,"2,380.07"
2022,9,20,"2,393.94"
2022,9,21,"2,397.73"
2022,9,22,"2,439.05"
2022,9,23,"2,523.19"
2022,9,26,"2,590.34"
2022,9,27,"2,690.79"
2022,9,28,"2,640.40"
2022,9,29,"2,753.63"
2022,9,30,"2,800.54"
2022,10,3,"2,707.89"
2022,10,4,"2,703.04"
2022,10,5,"2,753.69"
2022,10,6,"2,764.55"
2022,10,7,"2,796.23"
2022,10,10,
2022,10,11,"2,814.47"
2022,10,12,"2,811.18"
2022,10,13,"2,794.16"
2022,10,14,"2,833.43"
2022,10,17,"2,836.88"
2022,10,18,"2,797.93"
2022,10,19,"2,797.32"
2022,10,20,"2,742.79"
2022,10,21,"2,645.92"
2022,10,24,"2,519.08"
2022,10,25,"2,501.42"
2022,10,26,"2,564.03"
2022,10,27,"2,591.81"
2022,10,28,"2,553.68"
2022,10,31,"2,624.39"
2022,11,1,"2,567.78"
2022,11,2,"2,566.56"
2022,11,3,"2,588.60"
2022,11,4,"2,566.17"
2022,11,7,"2,508.77"
2022,11,8,"2,483.21"
2022,11,9,"2,536.40"
2022,11,10,"2,480.94"
2022,11,11,
2022,11,14,"2,417.47"
2022,11,15,"2,385.47"
2022,11,16,"2,346.23"
2022,11,17,"2,382.85"
2022,11,18,"2,440.47"
2022,11,21,"2,424.78"
2022,11,22,"2,416.66"
2022,11,23,"2,405.29"
2022,11,24,
2022,11,25,"2,401.31"
2022,11,28,"2,384.50"
2022,11,29,"2,318.99"
2022,11,30,
2022,12,1,"2,212.26"
2022,12,2,"2,247.77"
2022,12,5,"2,295.58"
2022,12,6,"2,378.48"
2022,12,7,"2,325.35"
2022,12,8,"2,326.07"
2022,12,9,"2,340.10"
2022,12,12,"2,278.01"
2022,12,13,"2,269.66"
2022,12,14,"2,234.78"
2022,12,15,"2,198.32"
2022,12,16,"2,171.26"
2022,12,19,"2,159.05"
2022,12,20,"2,123.14"
2022,12,21,"2,082.56"
2022,12,22,"2,099.49"
2022,12,23,"2,173.37"
2022,12,26,
2022,12,27,"2,164.71"
2022,12,28,"2,156.88"
2022,12,29,"2,162.44"
2022,12,30,"2,195.82"
2023,1,2,
2023,1,3,"2,153.41"
2023,1,4,"2,087.20"
2023,1,5,"2,119.83"
2023,1,6,"2,117.39"
2023,1,9,"2,082.21"
2023,1,10,"2,046.55"
2023,1,11,"2,006.17"
2023,1,12,"1,998.55"
2023,1,13,"1,990.89"
2023,1,16,
2023,1,17,"1,883.57"
2023,1,18,"1,835.50"
2023,1,19,"1,934.88"
2023,1,20,"1,874.18"
2023,1,23,"1,872.20"
2023,1,24,"1,831.57"
2023,1,25,"1,834.47"
2023,1,26,"1,833.50"
2023,1,27,"1,819.82"
2023,1,30,"1,815.23"
2023,1,31,"1,821.94"
2023,2,1,"1,818.83"
2023,2,2,"1,797.48"
2023,2,3,"1,859.88"
2023,2,6,"1,917.24"
2023,2,7,"1,912.82"
2023,2,8,"1,918.55"
2023,2,9,"1,934.06"
2023,2,10,"1,960.94"
2023,2,13,"1,972.51"
2023,2,14,"1,969.90"
2023,2,15,"2,004.71"
2023,2,16,"2,049.33"
2023,2,17,"2,123.37"
2023,2,20,
2023,2,21,"2,178.80"
2023,2,22,"2,086.37"
2023,2,23,"1,978.73"
2023,2,24,"1,995.23"
2023,2,27,"1,957.48"
2023,2,28,"1,959.62"
2023,3,1,"2,034.75"
2023,3,2,"2,084.99"
2023,3,3,"2,091.32"
2023,3,6,"2,036.71"
2023,3,7,"2,044.58"
2023,3,8,"2,099.17"
2023,3,9,"2,148.30"
2023,3,10,"2,280.04"
2023,3,13,"2,322.36"
2023,3,14,"2,322.52"
2023,3,15,"2,389.52"
2023,3,16,"2,322.11"
2023,3,17,"2,388.09"
2023,3,20,"2,371.51"
2023,3,21,"2,343.42"
2023,3,22,"2,464.89"
2023,3,23,"2,500.84"
2023,3,24,"2,548.47"
2023,3,27,"2,529.05"
2023,3,28,"2,494.74"
2023,3,29,"2,356.59"
2023,3,30,"2,301.79"
2023,3,31,"2,301.83"
2023,4,3,"2,273.87"
2023,4,4,"2,354.76"
2023,4,5,"2,432.68"
2023,4,6,"2,468.65"
2023,4,7,"2,450.91"
2023,4,10,"2,418.30"
2023,4,11,"2,427.01"
2023,4,12,"2,382.68"
2023,4,13,"2,374.07"
2023,4,14,"2,364.08"
2023,4,17,"2,414.59"
2023,4,18,"2,518.46"
2023,4,19,"2,660.97"
2023,4,20,"2,660.24"
2023,4,21,"2,633.60"
2023,4,24,"2,619.26"
2023,4,25,"2,644.33"
2023,4,26,"2,641.98"
2023,4,27,"2,663.55"
2023,4,28,"2,683.58"
2023,5,1,"2,670.59"
2023,5,2,"2,654.61"
2023,5,3,"2,565.79"
2023,5,4,"2,572.25"
2023,5,5,"2,579.30"
2023,5,8,"2,585.58"
2023,5,9,"2,518.17"
2023,5,10,"2,503.61"
2023,5,11,"2,518.53"
2023,5,12,"2,574.47"
2023,5,15,"2,581.61"
2023,5,16,"2,574.11"
2023,5,17,"2,553.74"
2023,5,18,"2,583.77"
2023,5,19,"2,596.41"
2023,5,22,"2,579.98"
2023,5,23,"2,582.63"
2023,5,24,"2,584.41"
2023,5,25,"2,583.59"
2023,5,26,"2,583.75"
2023,5,29,
2023,5,30,"2,555.07"
2023,5,31,"2,594.58"
2023,6,1,"2,617.80"
2023,6,2,"2,548.44"
2023,6,5,"2,515.75"
2023,6,6,"2,388.03"
2023,6,7,"2,334.80"
2023,6,8,"2,381.57"
2023,6,9,"2,379.55"
2023,6,12,"2,337.84"
2023,6,13,"2,298.50"
2023,6,14,"2,333.24"
2023,6,15,"2,356.69"
2023,6,16,"2,358.07"
2023,6,19,
2023,6,20,"2,355.75"
2023,6,21,"2,261.22"
2023,6,22,"2,200.44"
2023,6,23,"2,225.90"
2023,6,26,"2,099.52"
2023,6,27,"2,113.57"
2023,6,28,"2,076.33"
2023,6,29,"2,060.79"
2023,6,30,"2,037.05"
2023,7,3,"1,997.67"
2023,7,4,
2023,7,5,"1,957.41"
2023,7,6,"2,051.78"
2023,7,7,"2,089.65"
2023,7,10,"2,028.79"
2023,7,11,"1,972.67"
2023,7,12,"2,017.13"
2023,7,13,"2,034.85"
2023,7,14,"2,114.93"
2023,7,17,"2,048.75"
2023,7,18,"2,021.81"
2023,7,19,"2,055.19"
2023,7,20,"2,039.03"
2023,7,21,"2,004.56"
2023,7,24,"1,952.96"
2023,7,25,"1,960.67"
2023,7,26,"1,985.90"
2023,7,27,"2,000.19"
2023,7,28,"1,961.66"
2023,7,31,"1,982.30"
2023,8,1,"2,006.10"
2023,8,2,"2,009.17"
2023,8,3,"2,019.38"
2023,8,4,"2,016.00"
2023,8,7,
2023,8,8,
2023,8,9,"1,947.64"
2023,8,10,"1,906.33"
2023,8,11,"1,916.65"
2023,8,14,"2,088.08"
2023,8,15,"2,205.65"
2023,8,16,"2,210.26"
2023,8,17,"2,169.41"
2023,8,18,"2,117.26"
2023,8,21,"2,111.32"
2023,8,22,"2,040.42"
2023,8,23,"2,037.57"
2023,8,24,"2,070.87"
2023,8,25,"2,066.10"
2023,8,28,"2,050.11"
2023,8,29,"2,045.50"
2023,8,30,"2,073.92"
2023,8,31,"2,096.61"
2023,9,1,"2,085.01"
2023,9,4,
2023,9,5,"2,114.61"
2023,9,6,"2,165.28"
2023,9,7,"2,138.69"
2023,9,8,"2,150.88"
2023,9,11,"2,163.50"
2023,9,12,
2023,9,13,
2023,9,14,
2023,9,15,
2023,9,18,"2,175.62"
2023,9,19,"2,184.07"
2023,9,20,"2,244.63"
2023,9,21,"2,346.78"
2023,9,22,"2,358.21"
2023,9,25,"2,372.04"
2023,9,26,"2,375.61"
2023,9,27,"2,391.22"
2023,9,28,"2,488.60"
2023,9,29,"2,538.65"
2023,10,2,"2,590.21"
2023,10,3,"2,642.76"
2023,10,4,"2,700.42"
2023,10,5,"2,726.05"
2023,10,6,"2,674.34"
2023,10,9,
2023,10,10,"2,622.34"
2023,10,11,"2,523.16"
2023,10,12,"2,510.39"
2023,10,13,"2,508.07"
2023,10,16,"2,429.65"
2023,10,17,"2,375.92"
2023,10,18,"2,390.39"
2023,10,19,"2,400.96"
2023,10,20,"2,415.52"
2023,10,23,"2,611.98"